filename,title,description,year,source,copyright,tags,artist_name,technique_name
Bauernhochzeit_1925.jpg,Bauernhochzeit 1925,Historisches Foto einer traditionellen Bauernhochzeit in Wartenberg,1925,Sammlung Online Museum Wartenberg,Gemeinfrei,Geschichte; Hochzeit; Brauchtum; Wartenberg,,Fotografie
Foto_415-800_Jahrfeier.jpg,800-Jahrfeier Festzug,Festzug anlässlich der 800-Jahrfeier von Wartenberg im Jahr 1955,1955,Sammlung Online Museum Wartenberg,Gemeinfrei,Geschichte; Jubiläum; Festzug; Wartenberg,,Fotografie
KW0102_00068_Josef_Zach.jpg,Kunstwerk Josef Zach,Bild der Woche - Werk des Künstlers Josef Zach aus Wartenberg,2024,Online Museum Wartenberg,Mit freundlicher Genehmigung,Kunst; Bild der Woche,Josef Zach,
01_Motivation.jpg,Motivation Kunstwerk,Dekoratives Kunstwerk aus der Sammlung des Museums,2020,Online Museum Wartenberg,Mit freundlicher Genehmigung,Kunst; Dekoration,,
Markt_Wartenberg_005.jpg,Markt Wartenberg,Historische Ansicht des Marktes in Wartenberg,1920,Sammlung Online Museum Wartenberg,Gemeinfrei,Geschichte; Markt; Wartenberg; Architektur,,Fotografie
